{"cameraMode":{"drawMode":0,"name":"Shaded","section":"Shading Mode"},"sceneLighting":false,"audioPlay":false,"sceneViewState":{"m_AlwaysRefresh":false,"showFog":true,"showSkybox":false,"showFlares":true,"showImageEffects":true,"showParticleSystems":true,"showVisualEffectGraphs":true,"m_FxEnabled":true},"in2DMode":false,"pivot":{"x":0.0024999380111694338,"y":0.7089999914169312,"z":-5.960464477539063e-8},"rotation":{"x":0.12040332704782486,"y":0.6239471435546875,"z":-0.09789368510246277,"w":0.7659140229225159},"size":1.5836418867111207,"orthographic":false}