{"cameraMode":{"drawMode":0,"name":"Shaded","section":"Shading Mode"},"sceneLighting":false,"audioPlay":false,"sceneViewState":{"m_AlwaysRefresh":false,"showFog":true,"showSkybox":false,"showFlares":true,"showImageEffects":true,"showParticleSystems":true,"showVisualEffectGraphs":true,"m_FxEnabled":true},"in2DMode":false,"pivot":{"x":0.9376400709152222,"y":-0.10190892219543457,"z":0.1608428955078125},"rotation":{"x":-0.14778617024421693,"y":0.07912738621234894,"z":-0.011862445622682572,"w":-0.9857791662216187},"size":5.913711071014404,"orthographic":false}