{"cameraMode":{"drawMode":0,"name":"Shaded","section":"Shading Mode"},"sceneLighting":false,"audioPlay":false,"sceneViewState":{"showFog":true,"showMaterialUpdate":false,"showSkybox":false,"showFlares":true,"showImageEffects":true,"showParticleSystems":true},"in2DMode":false,"pivot":{"x":-3.130000114440918,"y":-3.2100000381469728,"z":-40.7177734375},"rotation":{"x":-0.26715439558029177,"y":-0.3516462445259094,"z":0.10543899983167649,"w":-0.8909919857978821},"size":0.8017556667327881,"orthographic":false}