{"cameraMode":{"drawMode":0,"name":"Shaded","section":"Shading Mode"},"sceneLighting":false,"audioPlay":false,"sceneViewState":{"m_AlwaysRefresh":false,"showFog":true,"showSkybox":false,"showFlares":true,"showImageEffects":true,"showParticleSystems":true,"showVisualEffectGraphs":true,"m_FxEnabled":true},"in2DMode":false,"pivot":{"x":1.102989912033081,"y":0.05972360819578171,"z":-0.009822189807891846},"rotation":{"x":-0.05342616140842438,"y":-0.17670544981956483,"z":0.00960615836083889,"w":-0.982768177986145},"size":0.3461935818195343,"orthographic":false}