{"cameraMode":{"drawMode":0,"name":"Shaded","section":"Shading Mode"},"sceneLighting":false,"audioPlay":false,"sceneViewState":{"m_AlwaysRefresh":false,"showFog":true,"showSkybox":false,"showFlares":true,"showImageEffects":true,"showParticleSystems":true,"showVisualEffectGraphs":true,"m_FxEnabled":true},"in2DMode":false,"pivot":{"x":0.04571700096130371,"y":0.05492663383483887,"z":-0.00351560115814209},"rotation":{"x":0.160275399684906,"y":0.7683807015419006,"z":-0.21116399765014649,"w":0.5825188755989075},"size":1.734318494796753,"orthographic":false}