{"cameraMode":{"drawMode":0,"name":"Shaded","section":"Shading Mode"},"sceneLighting":false,"audioPlay":false,"sceneViewState":{"m_AlwaysRefresh":false,"showFog":true,"showSkybox":false,"showFlares":true,"showImageEffects":true,"showParticleSystems":true,"showVisualEffectGraphs":true,"m_FxEnabled":true},"in2DMode":false,"pivot":{"x":1.5376272201538087,"y":-0.3835453987121582,"z":0.2561631202697754},"rotation":{"x":-0.3665611445903778,"y":0.0005556239048019052,"z":-0.00021881032444071025,"w":-0.9303947687149048},"size":1.2951645851135255,"orthographic":false}