{"cameraMode":{"drawMode":0,"name":"Shaded","section":"Shading Mode"},"sceneLighting":false,"audioPlay":false,"sceneViewState":{"m_AlwaysRefresh":false,"showFog":true,"showSkybox":false,"showFlares":true,"showImageEffects":true,"showParticleSystems":true,"showVisualEffectGraphs":true,"m_FxEnabled":true},"in2DMode":false,"pivot":{"x":0.0017876820638775826,"y":0.002181531861424446,"z":0.0018318304792046548},"rotation":{"x":-0.14767330884933473,"y":0.08799606561660767,"z":-0.013192019425332547,"w":-0.985026478767395},"size":0.00362097448669374,"orthographic":false}