{"cameraMode":{"drawMode":0,"name":"Shaded","section":"Shading Mode"},"sceneLighting":true,"audioPlay":false,"sceneViewState":{"m_AlwaysRefresh":false,"showFog":true,"showSkybox":true,"showFlares":true,"showImageEffects":true,"showParticleSystems":true,"showVisualEffectGraphs":true,"m_FxEnabled":true},"in2DMode":false,"pivot":{"x":0.4603227972984314,"y":-1.183549404144287,"z":-4.404929161071777},"rotation":{"x":-0.43247494101524355,"y":-0.15765009820461274,"z":0.07709062844514847,"w":-0.8844054341316223},"size":2.3166134357452394,"orthographic":false}