{"cameraMode":{"drawMode":0,"name":"Shaded","section":"Shading Mode"},"sceneLighting":true,"audioPlay":false,"sceneViewState":{"m_AlwaysRefresh":false,"showFog":true,"showSkybox":true,"showFlares":true,"showImageEffects":true,"showParticleSystems":true,"showVisualEffectGraphs":true,"m_FxEnabled":true},"in2DMode":false,"pivot":{"x":-0.8533082008361816,"y":-1.8991880416870118,"z":-9.47821044921875},"rotation":{"x":0.04320160299539566,"y":-0.11544378101825714,"z":0.004987471736967564,"w":0.9924080967903137},"size":3.862943649291992,"orthographic":true}