{"cameraMode":{"drawMode":0,"name":"Shaded","section":"Shading Mode"},"sceneLighting":false,"audioPlay":false,"sceneViewState":{"m_AlwaysRefresh":false,"showFog":true,"showSkybox":false,"showFlares":true,"showImageEffects":true,"showParticleSystems":true,"showVisualEffectGraphs":true,"m_FxEnabled":true},"in2DMode":false,"pivot":{"x":0.537265419960022,"y":0.1549922227859497,"z":0.005735158920288086},"rotation":{"x":0.0013127006823197008,"y":0.06254278123378754,"z":0.00006463142926804721,"w":0.9980461597442627},"size":1.360410451889038,"orthographic":false}