{"cameraMode":{"drawMode":0,"name":"Shaded","section":"Shading Mode"},"sceneLighting":false,"audioPlay":false,"sceneViewState":{"m_AlwaysRefresh":false,"showFog":true,"showSkybox":false,"showFlares":true,"showImageEffects":true,"showParticleSystems":true,"showVisualEffectGraphs":true,"m_FxEnabled":true},"in2DMode":false,"pivot":{"x":99.32425689697266,"y":22.700176239013673,"z":-0.04975157976150513},"rotation":{"x":-0.06493519991636276,"y":-0.19862814247608186,"z":0.013189813122153283,"w":-0.9778392910957336},"size":0.8717382550239563,"orthographic":false}