{"cameraMode":{"drawMode":0,"name":"Shaded","section":"Shading Mode"},"sceneLighting":false,"audioPlay":false,"sceneViewState":{"showFog":true,"showMaterialUpdate":false,"showSkybox":false,"showFlares":true,"showImageEffects":true,"showParticleSystems":true},"in2DMode":false,"pivot":{"x":0.3500520884990692,"y":-0.03258025646209717,"z":-0.7464358806610107},"rotation":{"x":-0.06021349877119064,"y":0.7184528112411499,"z":-0.6901504993438721,"w":-0.06266584992408753},"size":0.7669047713279724,"orthographic":false}