{"cameraMode":{"drawMode":0,"name":"Shaded","section":"Shading Mode"},"sceneLighting":false,"audioPlay":false,"sceneViewState":{"showFog":true,"showMaterialUpdate":false,"showSkybox":false,"showFlares":true,"showImageEffects":true,"showParticleSystems":true},"in2DMode":false,"pivot":{"x":0.43756103515625,"y":0.0084228515625,"z":1.314666748046875},"rotation":{"x":0.6171925067901611,"y":0.23506617546081544,"z":0.20049767196178437,"w":-0.7236191034317017},"size":0.6735790967941284,"orthographic":true}