{"cameraMode":{"drawMode":0,"name":"Shaded","section":"Shading Mode"},"sceneLighting":false,"audioPlay":false,"sceneViewState":{"showFog":true,"showMaterialUpdate":false,"showSkybox":false,"showFlares":true,"showImageEffects":true,"showParticleSystems":true},"in2DMode":false,"pivot":{"x":0.3548663556575775,"y":-0.07500576972961426,"z":1.8049614429473878},"rotation":{"x":0.6171925067901611,"y":0.23506617546081544,"z":0.20049767196178437,"w":-0.7236191034317017},"size":0.7522084712982178,"orthographic":true}