{"cameraMode":{"drawMode":0,"name":"Shaded","section":"Shading Mode"},"sceneLighting":false,"audioPlay":false,"sceneViewState":{"showFog":true,"showMaterialUpdate":false,"showSkybox":false,"showFlares":true,"showImageEffects":true,"showParticleSystems":true},"in2DMode":false,"pivot":{"x":0.4295380115509033,"y":-0.2085350751876831,"z":-0.3794947862625122},"rotation":{"x":0.013582863844931126,"y":0.5658023953437805,"z":-0.8243975639343262,"w":0.009341859258711338},"size":0.8175114989280701,"orthographic":false}