{"cameraMode":{"drawMode":0,"name":"Shaded","section":"Shading Mode"},"sceneLighting":false,"audioPlay":false,"sceneViewState":{"showFog":true,"showMaterialUpdate":false,"showSkybox":false,"showFlares":true,"showImageEffects":true,"showParticleSystems":true},"in2DMode":false,"pivot":{"x":0.9268648624420166,"y":0.5866026878356934,"z":0.9811140298843384},"rotation":{"x":0.20016956329345704,"y":0.7296755909919739,"z":-0.6081550121307373,"w":0.24018321931362153},"size":1.8846802711486817,"orthographic":false}