{"cameraMode":{"drawMode":0,"name":"Shaded","section":"Shading Mode"},"sceneLighting":false,"audioPlay":false,"sceneViewState":{"showFog":true,"showMaterialUpdate":false,"showSkybox":false,"showFlares":true,"showImageEffects":true,"showParticleSystems":true},"in2DMode":false,"pivot":{"x":-14.904500961303711,"y":13.015863418579102,"z":-20.998126983642579},"rotation":{"x":0.021015038713812829,"y":-0.7654702067375183,"z":-0.025032812729477884,"w":-0.6426481604576111},"size":10.0,"orthographic":false}