{"cameraMode":{"drawMode":0,"name":"Shaded","section":"Shading Mode"},"sceneLighting":false,"audioPlay":false,"sceneViewState":{"showFog":true,"showMaterialUpdate":false,"showSkybox":false,"showFlares":true,"showImageEffects":true,"showParticleSystems":true},"in2DMode":false,"pivot":{"x":0.5732142925262451,"y":0.5975304841995239,"z":-0.4377051591873169},"rotation":{"x":-0.15906699001789094,"y":0.2772635817527771,"z":-0.946407675743103,"w":-0.04658777266740799},"size":0.8049055337905884,"orthographic":false}