{"cameraMode":{"drawMode":0,"name":"Shaded","section":"Shading Mode"},"sceneLighting":true,"audioPlay":false,"sceneViewState":{"showFog":true,"showMaterialUpdate":false,"showSkybox":true,"showFlares":true,"showImageEffects":true,"showParticleSystems":true},"in2DMode":false,"pivot":{"x":-25.735811233520509,"y":1.323506474494934,"z":89.36103820800781},"rotation":{"x":-0.04509655758738518,"y":-0.6820938587188721,"z":0.04221252351999283,"w":-0.7286570072174072},"size":0.2032240927219391,"orthographic":false}