{"cameraMode":{"drawMode":0,"name":"Shaded","section":"Shading Mode"},"sceneLighting":false,"audioPlay":false,"sceneViewState":{"showFog":true,"showMaterialUpdate":false,"showSkybox":false,"showFlares":true,"showImageEffects":true,"showParticleSystems":true},"in2DMode":false,"pivot":{"x":4.725479602813721,"y":2.677079916000366,"z":-2.224297523498535},"rotation":{"x":-0.1487973928451538,"y":0.31777045130729678,"z":-0.05056777223944664,"w":-0.9350528120994568},"size":3.2538418769836427,"orthographic":false}