{"cameraMode":{"drawMode":0,"name":"Shaded","section":"Shading Mode"},"sceneLighting":false,"audioPlay":false,"sceneViewState":{"m_AlwaysRefresh":false,"showFog":true,"showSkybox":false,"showFlares":true,"showImageEffects":true,"showParticleSystems":true,"showVisualEffectGraphs":true,"m_FxEnabled":true},"in2DMode":false,"pivot":{"x":-0.3258485794067383,"y":-0.10320925712585449,"z":-0.1942446231842041},"rotation":{"x":-0.30144792795181277,"y":0.2552517056465149,"z":-0.08410905301570893,"w":-0.9148237705230713},"size":5.860355854034424,"orthographic":false}